시군구,지정년도,지정번호,신청일자,지정일자,업소명,소재지지번,허가(신고)번호,업태명,주된음식,영업장면적(제곱미터),행정동명,급수시설구분,소재지전화번호
강남구,2021,1,2010-07-30,2021-11-16,대청가든,서울특별시 강남구 개포동 13-3 미씨860오피스텔1층122호 ,19990106199,한식,한우,220.16,일원2동,상수도전용,  02-3413-5566
강남구,2021,2,2010-02-10,2021-11-16,원조닭칼국수,서울특별시 강남구 개포동 1193-7 지상1층 ,20050107548,분식,분식,86,개포4동,상수도전용,  02-3461-4424
강남구,2021,3,2014-10-06,2021-11-16,원조본점닭한마리,서울특별시 강남구 개포동 1193-7 ,19990106791,한식,닭,106.22,개포4동,상수도전용,  02-3461-4422
강남구,2021,4,2010-02-10,2021-11-16,논골집,서울특별시 강남구 개포동 1197 지상1층 ,20020106408,한식,한식,148.5,개포4동,상수도전용,  02-3461-7071
강남구,2021,5,2016-11-25,2021-11-16,흙향,서울특별시 강남구 개포동 1197-2 지상2층 ,20130105703,한식,한정식,572.8,개포4동,상수도전용,  02-3495-0092
강남구,2021,6,2014-10-06,2021-11-16,리엔,"서울특별시 강남구 개포동 1214-1,8 지상1층 ",20000105230,중국식,자장면,202,개포4동,상수도전용,  02- 576-4888
강남구,2021,7,2016-11-25,2021-11-16,밀란,서울특별시 강남구 개포동 1215-0 지상1층101호 ,20040107931,한식,면류,128.76,개포4동,상수도전용,  02- 507-1080
강남구,2021,8,2010-02-10,2021-11-16,황금돼지,서울특별시 강남구 개포동 1216-10 ,19930106075,한식,구이,114.33,개포1동,상수도전용,  02- 577-6667
강남구,2021,9,2014-10-06,2021-11-16,원조소금구이,서울특별시 강남구 개포동 1218-3 광림빌딩 1층 ,20130107452,한식,소금구이,215.6,개포1동,상수도전용,
강남구,2021,10,2014-10-06,2021-11-16,춘천명물닭갈비,서울특별시 강남구 개포동 1231-6 ,20060105651,한식,닭갈비,141,개포4동,상수도전용,
강남구,2021,11,2017-10-10,2021-11-16,금홍짬뽕,서울특별시 강남구 논현동 10-5 ,19920106166,중국식,중국음식,109.78,논현1동,상수도전용,
강남구,2021,12,2010-02-10,2021-11-16,김수사,서울특별시 강남구 논현동 4-19 ,19860105442,일식,일식,107.83,논현1동,상수도전용,  02-0547-5221
강남구,2021,13,2010-02-10,2021-11-16,신사뻘낙지,서울특별시 강남구 논현동 4-7 지상1층 ,20010107501,한식,낙지,125.62,논현1동,상수도전용,  02-3448-3392
강남구,2021,14,2010-02-10,2021-11-16,한성국수,서울특별시 강남구 논현동 62-13 ,19850105219,분식,칼국수,119.54,논현2동,상수도전용,  02-0544-0540
강남구,2021,15,2016-11-25,2021-11-16,봉산집,서울특별시 강남구 논현동 62-3 지상1층 ,20090107201,일식,차돌박이된장찌개,400.67,논현2동,상수도전용,
강남구,2021,16,2010-02-10,2021-11-16,마포숯불갈비,서울특별시 강남구 논현동 62-6 ,19980107219,한식,돼지갈비,347.15,논현2동,상수도전용,  02- 516-1522
강남구,2021,17,2010-02-10,2021-11-16,불이아,서울특별시 강남구 논현동 71-2 건설회관지하1층 ,20050106129,중국식,훠궈,393.36,논현2동,상수도전용,  02 -517 -6689
강남구,2021,18,2016-11-25,2021-11-16,음악살롱,서울특별시 강남구 논현동 88-5 ,20160106327,경양식,스파게티,247.79,논현1동,상수도전용,
강남구,2021,19,2019-09-30,2021-11-16,논현감자탕,서울특별시 강남구 논현동 90-6 ,20170105566,한식,한식,271.88,논현1동,상수도전용,
강남구,2021,20,2010-02-10,2021-11-16,한우리외식산업(주),서울특별시 강남구 논현동 91-18 ,19840105376,한식,한식,"1,729.10",논현2동,상수도전용,  02- 545-3336
강남구,2021,21,2014-10-03,2021-11-16,한서외식산업(주),"서울특별시 강남구 논현동 91-4 지하1층,지상3,4,5층 ",19940106911,한식,한정식,"1,552.07",논현2동,상수도전용,  02-0545-3334
강남구,2021,22,2018-10-01,2021-11-16,배정철 어도,서울특별시 강남구 논현동 98-12 ,19940105971,일식,일식,199.91,논현1동,상수도전용,
강남구,2021,23,2010-02-10,2021-11-16,제주서부두식당,서울특별시 강남구 논현동 115-25 ,19940106361,한식,"갈시,고등어구이",189.04,논현2동,상수도전용,  02-3446-6962
강남구,2021,24,2016-11-25,2021-11-16,차숙이 갈비,서울특별시 강남구 논현동 121 ,20110105426,한식,삼겹살,134.3,논현1동,상수도전용,  02-548 -9757
강남구,2021,25,2015-11-06,2021-11-16,주식회사 원강,서울특별시 강남구 논현동 122-18 1층 ,20110107428,한식,소고기 등심 구이,141,논현1동,상수도전용,  02-3445-1598
강남구,2021,26,2018-10-01,2021-11-16,마장동박현규(주) 1호점,서울특별시 강남구 논현동 122-25 새호시티라이프빌딩 ,20170108497,한식,한식,174.12,논현1동,상수도전용,
강남구,2021,27,2017-10-10,2021-11-16,두릉도원 북촌순두부,서울특별시 강남구 논현동 122-8 동화히스토리 1층 ,20140107128,한식,"순두부, 보쌈",129,논현1동,상수도전용,  02-565 -2792
강남구,2021,28,2018-10-01,2021-11-16,유장원보쌈,"서울특별시 강남구 논현동 129-4 지상1,2층 ",19930106590,한식,한식,255.23,논현1동,상수도전용,  02-0516-5625
강남구,2021,29,2017-10-10,2021-11-16,김태준의 탕탕집,서울특별시 강남구 논현동 141-15 ,20160105915,한식,설렁탕,162.38,논현1동,상수도전용,  02-511-3235
강남구,2021,30,2018-10-01,2021-11-16,토담김치찌개,서울특별시 강남구 논현동 141-16 ,20170108582,한식,한식,137.74,논현1동,상수도전용,
강남구,2021,31,2010-02-10,2021-11-16,취영루,서울특별시 강남구 논현동 141-2 ,19970105580,중국식,만두,711.64,논현1동,상수도전용,  02- 511-6666
강남구,2021,32,2014-10-06,2021-11-16,육갑식당,서울특별시 강남구 논현동 141-7 세일빌딩 1층 102호 ,20110106686,한식,고기구이,42.34,논현1동,상수도전용,  02- 514 -5837
강남구,2021,33,2016-11-25,2021-11-16,해랑,서울특별시 강남구 논현동 183-0 지하1층 ,20080106109,한식,해물탕,427.14,논현1동,상수도전용,  02- 544-7270
강남구,2021,34,2010-02-10,2021-11-16,남서울민물장어,서울특별시 강남구 논현동 204-3 ,19860105292,한식,장어구이,124.84,논현1동,상수도전용,  02- 544-1010
강남구,2021,35,2010-02-10,2021-11-16,토담골,서울특별시 강남구 논현동 236-4 태양빌딩 ,19960105809,한식,한정식,425.16,논현1동,상수도전용,  02- 548-5121
강남구,2021,36,2015-11-06,2021-11-16,단스시(논현점),서울특별시 강남구 논현동 238-0 지상2층 ,20070105483,일식,초밥,349.52,논현2동,상수도전용,  02-3445-1114
강남구,2021,37,2010-02-10,2021-11-16,델마르,서울특별시 강남구 논현동 248-7 지상1층 ,20050107903,경양식,음료 및 차,223.21,논현2동,상수도전용,  02-3440-8233
강남구,2021,38,2010-02-10,2021-11-16,훼밀리아,서울특별시 강남구 논현동 248-7 ,19890105631,뷔페식,한중일식,967.21,논현1동,상수도전용,  02- 511-4000
강남구,2021,39,2016-11-25,2021-11-16,크래버대게나라,서울특별시 강남구 논현동 261 지상1층 1호,20130106841,한식,대게,443.73,논현1동,상수도전용,
강남구,2021,40,2014-10-06,2021-11-16,(주)아리양,서울특별시 강남구 논현동 277-20 지상1층 ,20110107157,한식,양대창,312,논현1동,상수도전용,
강남구,2021,41,2010-07-30,2021-11-16,명동관,"서울특별시 강남구 대치동 500-0 센트럴500지하1층103,104호 ",19960105694,한식,한식,216.91,대치1동,상수도전용,  02- 563-8882
강남구,2021,42,2010-02-10,2021-11-16,씨제이푸드빌(주)빕스도곡역점,서울특별시 강남구 대치동 500-0 센트럴500상가지하1층 ,20020107402,경양식,스테이크,"1,100.62",대치1동,상수도전용,  02- 569-1997
강남구,2021,43,2010-02-10,2021-11-16,엠브이샤브샤브,"서울특별시 강남구 대치동 507-0 원플러스상가지하1층105,106호 ",20030107933,한식,샤브샤브,290.09,대치1동,상수도전용,  02- 561-7573
강남구,2021,44,2014-10-06,2021-11-16,대치골정육점식당. 풍천민물장어,서울특별시 강남구 대치동 623 남서울상가 2층 ,20110105282,한식,돼지고기,376,대치1동,상수도전용,
강남구,2021,45,2010-02-10,2021-11-16,마산아구찜,서울특별시 강남구 대치동 628-0 지상2층 ,20010107741,한식,한식,148.5,대치1동,상수도전용,  02- 556-2945
강남구,2021,46,2010-02-10,2021-11-16,(유)아웃백스테이크하우스코리아 도곡점,서울특별시 강남구 대치동 651-0 지하1층 ,20040108030,경양식,스테이크,763.65,대치1동,상수도전용,  02-3019-7112
강남구,2021,47,2010-02-10,2021-11-16,삼다도,서울특별시 강남구 대치동 890-49 ,19950106102,일식,일식,279.95,대치1동,상수도전용,  02- 508-3390
강남구,2021,48,2018-10-01,2021-11-16,나무(대치점),서울특별시 강남구 대치동 890-45 ,19920105063,한식,한식,360.48,대치4동,상수도전용,
강남구,2021,49,2010-02-10,2021-11-16,하동관 강남분점,서울특별시 강남구 대치동 891-44 지상2층 ,20070106116,한식,곰탕,334.22,대치4동,상수도전용,  02- 565-3355
강남구,2021,50,2017-10-10,2021-11-16,의령전원 투,서울특별시 강남구 대치동 891-51 지상2층 ,20060105996,일식,생선구이,198.34,대치4동,상수도전용,
강남구,2021,51,2010-02-10,2021-11-16,반룡산,서울특별시 강남구 대치동 894-4 지상1층 ,20040107641,경양식,냉면,216.38,대치4동,상수도전용,
강남구,2021,52,2014-10-06,2021-11-16,진대감,서울특별시 강남구 대치동 895-11 지상1층 ,20090106048,한식,차돌삼합,164.48,대치4동,상수도전용,
강남구,2021,53,2014-10-06,2021-11-16,청자골,서울특별시 강남구 대치동 901-71 지상1층 ,20030105850,한식,꽃등심,142.14,대치4동,상수도전용,
강남구,2021,54,2010-02-10,2021-11-16,남산희래등,서울특별시 강남구 대치동 903-3 ,19910105502,중국식,탕수육,272.94,대치4동,상수도전용,  02- 562-5296
강남구,2021,55,2016-11-25,2021-11-16,강남수랏간,서울특별시 강남구 대치동 908-5 지상1층2층 ,20020106365,한식,돼지갈비,349.92,대치4동,상수도전용,  02- 567-5123
강남구,2021,56,2010-02-10,2021-11-16,최가네버섯매운탕칼국수,서울특별시 강남구 대치동 936-16 ,19970105081,일식,샤브샤브,216.18,대치4동,상수도전용,  02- 538-2323
강남구,2021,57,2010-02-10,2021-11-16,창포,서울특별시 강남구 대치동 936-18 ,19930107286,한식,손만두,150.3,대치4동,상수도전용,  02- 501-0155
강남구,2021,58,2014-10-06,2021-11-16,용수사,서울특별시 강남구 대치동 942-5 지상2층 ,20100106459,일식,회,297.75,대치2동,상수도전용,  02-567 -1516
강남구,2021,59,2010-02-10,2021-11-16,놀부보쌈과 부대찌게 삼성1호,서울특별시 강남구 대치동 947-1 ,19960106349,한식,보쌈,116.52,대치2동,상수도전용,  02- 557-3848
강남구,2021,60,2016-11-25,2021-11-16,하이보,서울특별시 강남구 대치동 950-1 지상2층 ,20150107030,중국식,동파육,559.86,대치1동,상수도전용,
강남구,2021,61,2010-02-10,2021-11-16,대한민국,서울특별시 강남구 대치동 950-2 ,19960106077,한식,갈비탕,573.44,대치1동,상수도전용,  02- 561-6320
강남구,2021,62,2010-02-10,2021-11-16,군산회집,"서울특별시 강남구 대치동 968-2 지상1,2층 ",19920105566,일식,회,320.66,대치2동,상수도전용,  02-0557-1843
강남구,2021,63,2010-02-10,2021-11-16,더라운지,"서울특별시 강남구 대치동 995-14 지상22,23층 ",20050105662,경양식,갈비 등,240.35,대치2동,상수도전용,  02- 501-5487
강남구,2021,64,2010-02-10,2021-11-16,코너스톤,서울특별시 강남구 대치동 995-14 지상1층 ,20050105616,경양식,파스타,654.25,대치2동,상수도전용,  02- 501-5487
강남구,2021,65,2010-02-10,2021-11-16,더팀버하우스,서울특별시 강남구 대치동 995-14 지하2층 ,20050105661,경양식,스시,369.61,대치2동,상수도전용,  02- 501-5487
강남구,2021,66,2010-02-10,2021-11-16,김셰프의 도시어부,서울특별시 강남구 대치동 996-0 ,19940106528,일식,생선회,159.5,대치2동,상수도전용,  02-0564-3377
강남구,2021,67,2010-07-30,2021-11-16,임고집 한우＆보쌈마을,서울특별시 강남구 대치동 996-12 지상1층 ,20090106626,한식,고기,374.33,대치2동,상수도전용,
강남구,2021,68,2014-10-06,2021-11-16,임고집 한우＆보쌈마을(2호점),서울특별시 강남구 대치동 996-12 2층 ,20090106625,한식,고기,379.84,대치2동,상수도전용,  02-567-2772
강남구,2021,69,2016-11-20,2021-11-16,(주)중앙해장,서울특별시 강남구 대치동 996-16 ,20160105230,한식,해장국,595,대치1동,상수도전용,
강남구,2021,70,2014-10-06,2021-11-16,거제지심도,서울특별시 강남구 대치동 997-9 삼호빌딩지상1층 ,20050107102,일식,회,165.29,대치2동,상수도전용,
강남구,2021,71,2014-10-06,2021-11-16,홍영재 장수 청국장,서울특별시 강남구 대치동 1001 지상1층 ,20130105951,한식,청국장,398.68,대치2동,상수도전용,
강남구,2021,72,2010-02-10,2021-11-16,등대,서울특별시 강남구 대치동 1006-0 지상1층 ,20030105026,한식,복요리,148.76,대치2동,상수도전용,  02- 562-0505
강남구,2021,73,2014-10-06,2021-11-16,방이샤브칼국수,서울특별시 강남구 대치동 1019-12 ,19990107615,분식,칼국수,72.09,대치4동,상수도전용,
강남구,2021,74,2010-07-30,2021-11-16,(주)아구본가첨벙대치,서울특별시 강남구 대치동 1023-3 지상2층 ,20090106584,한식,아구찜,309.8,대치1동,상수도전용,  02-538 -0104
강남구,2021,75,2014-10-06,2021-11-16,진가샤브샤브,서울특별시 강남구 대치동 1023-3 지상4층 ,20130107687,한식,샤브샤브,293.09,대치1동,상수도전용,
강남구,2021,76,2017-10-10,2021-11-16,한티옥,서울특별시 강남구 대치동 1024-4 강원빌딩 지상1층 ,20100106336,한식,한식,405.33,대치1동,상수도전용,  02-552 -5289
강남구,2021,77,2016-11-25,2021-11-16,청국장과보리밥,서울특별시 강남구 도곡동 411-20 지상2층 ,20010106076,한식,청국장과 보리밥,181.82,도곡2동,상수도전용,
강남구,2021,78,2010-02-10,2021-11-16,사리원,서울특별시 강남구 도곡동 411-5 ,19930107180,한식,불고기,319.3,도곡2동,상수도전용,  02-0573-2202
강남구,2021,79,2016-11-25,2021-11-16,평양면옥,서울특별시 강남구 도곡동 423-15 ,19920106456,한식,냉면,330.1,도곡2동,상수도전용,  02-0571-1666
강남구,2021,80,2010-02-10,2021-11-16,홀리차우 도곡점,서울특별시 강남구 도곡동 464-0 지상1층 ,20060107199,중국식,몽골리안 쉐프,551.53,도곡2동,상수도전용,  02- 556-4502
강남구,2021,81,2010-02-10,2021-11-16,(주)타워차이,서울특별시 강남구 도곡동 467-29 타워팰리스스포츠클럽지상1층 ,20040105896,중국식,샥스핀,426.44,도곡2동,상수도전용,
강남구,2021,82,2011-07-01,2021-11-16,(주)도곡본점 해우리,서울특별시 강남구 도곡동 942-1 꿈이룸 명진타워 ,20190105047,한식,한식,471.26,도곡1동,상수도전용,  02-501 -4997
강남구,2021,83,2014-09-01,2021-11-16,무화잠,서울특별시 강남구 도곡동 943 뱅뱅빌딩 ,20200108371,한식,한식,474.65,도곡1동,상수도전용,
강남구,2021,84,2016-11-25,2021-11-16,남순남순대국 본점,서울특별시 강남구 도곡동 945-2 ,20090107730,한식,순대국밥,158.67,도곡1동,상수도전용,  02-574 -3227
강남구,2021,85,2013-07-10,2021-11-16,금강수림,서울특별시 강남구 도곡동 953-1 양재SK허브프리모 지하2층 ,20110107335,한식,장어,284.81,도곡1동,상수도전용,  02-577-9992
강남구,2021,86,2014-10-06,2021-11-16,잰부닥,서울특별시 강남구 도곡동 954-13 지상1층 ,20040108827,한식,삼겹살,236.87,도곡1동,상수도전용,  02- 577-5046
강남구,2021,87,2018-10-01,2021-11-16,답다(DAPDA),서울특별시 강남구 도곡동 955-7 ,20200106208,한식,한식,93.38,도곡1동,상수도전용,
강남구,2021,88,2016-11-25,2021-11-16,신촌설렁탕 강남구청역점,서울특별시 강남구 삼성동 1-4 지하1층 ,20020106648,한식,설렁탕,88.3,삼성1동,상수도전용,  02- 545-1551
강남구,2021,89,2014-10-06,2021-11-16,차이나타운,서울특별시 강남구 삼성동 38-18 수목빌딩 지상1층 A동 103호,19940106067,중국식,자장면,37.87,삼성1동,상수도전용,  02- 539-3222
강남구,2021,90,2010-02-10,2021-11-16,스시히로바,서울특별시 강남구 삼성동 70 블래스톤리조트 ,20020105866,일식,초밥,216.56,삼성1동,상수도전용,  02- 515-5511
강남구,2021,91,2010-02-10,2021-11-16,오발탄(주)오발탄에프에스,"서울특별시 강남구 삼성동 71-14 지상1,2층 ",19990105711,한식,양대창구이,660.82,삼성1동,상수도전용,  02- 543-8656
강남구,2021,92,2010-02-10,2021-11-16,주식회사곰바우,서울특별시 강남구 삼성동 76-10 ,19840105491,한식,양대창구이,90.09,삼성1동,상수도전용,  02- 549-7513
강남구,2021,93,2010-02-10,2021-11-16,지호한방삼계탕,서울특별시 강남구 삼성동 76-13 ,20060106827,한식,삼계탕,156.42,삼성1동,상수도전용,  02- 512-7283
강남구,2021,94,2016-11-25,2021-11-16,일공,서울특별시 강남구 삼성동 101-9 ,20130105421,중국식,자장면,139.5,삼성1동,상수도전용,
강남구,2021,95,2016-11-25,2021-11-16,삼환,서울특별시 강남구 삼성동 107-5 외2필지 ,19820105221,한식,고기 구이,212.33,삼성1동,상수도전용,  02- 546-2429
강남구,2021,96,2016-11-25,2021-11-16,수담,서울특별시 강남구 삼성동 113-0 에이치에스타워 지하1층 1호,20140106822,한식,한정식,766.19,삼성1동,상수도전용,
강남구,2021,97,2013-07-10,2021-11-16,홍백,"서울특별시 강남구 삼성동 119-9 지상1,2층 ",20110108200,한식,한우구이,678.21,삼성2동,상수도전용,
강남구,2021,98,2016-11-25,2021-11-16,대도식당,서울특별시 강남구 삼성동 127-3 ,20020107502,한식,한구 구이,726.9,삼성1동,상수도전용,  02 - 561-2283
강남구,2021,99,2011-12-30,2021-11-16,해초록 사랑,서울특별시 강남구 삼성동 127-8 지하1층 ,20070107044,일식,활어회,322.5,삼성2동,상수도전용,  02-553-5570
강남구,2021,100,2016-11-25,2021-11-16,시골진지상,서울특별시 강남구 삼성동 127-9 ,19960106815,한식,보리굴비정식,136.8,삼성2동,상수도전용,  02- 555-3448
강남구,2021,101,2014-10-06,2021-11-16,신촌설렁탕,서울특별시 강남구 삼성동 140 지상2층 ,20100107871,한식,설렁탕,209.99,삼성2동,상수도전용,
강남구,2021,102,2016-11-25,2021-11-16,아오끼,서울특별시 강남구 삼성동 140-17 지상1층 ,20010107346,일식,회정식,314.05,삼성2동,상수도전용,  02- 569-1586
강남구,2021,103,2016-11-25,2021-11-16,더드림,서울특별시 강남구 삼성동 140-25 ,20120107489,한식,김치찌개,110.3,삼성1동,상수도전용,  02-536 -8153
강남구,2021,104,2012-07-06,2021-11-16,평가옥,서울특별시 강남구 삼성동 143-1 지상1층 ,20070105034,한식,냉면,215.02,삼성2동,상수도전용,
강남구,2021,105,2016-11-25,2021-11-16,수림복국,서울특별시 강남구 삼성동 143-22 마룡빌딩지상1층 ,20030107566,한식,복어정식,148.76,삼성2동,상수도전용,  02- 569-2209
강남구,2021,106,2010-02-10,2021-11-16,남도구들 한정식,서울특별시 강남구 삼성동 144-22 ,19940107472,한식,해초남도음식,357.2,삼성2동,상수도전용,  02- 562-8800
강남구,2021,107,2016-11-25,2021-11-16,주)봉산집,서울특별시 강남구 삼성동 145-19 ,20110107948,한식,차돌박이,452.95,삼성1동,상수도전용,
강남구,2021,108,2016-11-25,2021-11-16,황소곱창,서울특별시 강남구 삼성동 145-29 지상1층 ,20110106692,한식,한우곱창,99,삼성1동,상수도전용,
강남구,2021,109,2009-06-01,2021-11-16,흑돈가,서울특별시 강남구 삼성동 147-15 신정인터네셔널 ,20200106387,한식,한식,"1,002.85",삼성1동,상수도전용,  02-2051-0008
강남구,2021,110,2016-11-25,2021-11-16,바오바오,서울특별시 강남구 삼성동 147-2 ,20140107689,중국식,팔보채,285.15,삼성1동,상수도전용,
강남구,2021,111,2016-11-25,2021-11-16,삼성동 명인등심,서울특별시 강남구 삼성동 148-15 지상2층 ,20020105674,한식,한우특등심,264,삼성1동,상수도전용,  02- 564-9049
강남구,2021,112,2010-02-10,2021-11-16,아야진생태찌개,서울특별시 강남구 삼성동 150-2 (101호) ,20070106848,한식,생태찌개,185.42,삼성1동,상수도전용,  02-555 -2680
강남구,2021,113,2016-10-01,2021-11-16,강남한우정육식당 삼성동지점,서울특별시 강남구 삼성동 151-2 백영빌딩 ,20200108234,식육(숯불구이),식육(숯불구이),223.68,삼성1동,상수도전용,
강남구,2021,114,2016-11-25,2021-11-16,서백자 간장게장,서울특별시 강남구 삼성동 151-4 석천빌딩 2층 ,20120106313,중국식,간장게장,260.3,삼성1동,상수도전용,  02-3453-6008
강남구,2021,115,2008-06-30,2021-11-16,(주)곰바위,"서울특별시 강남구 삼성동 151-4 지하1층,지상1층 ",20070106849,한식,양대창구이,432.16,삼성1동,상수도전용,  02-552 -7761
강남구,2021,116,2016-11-25,2021-11-16,삿뽀로야끼,서울특별시 강남구 삼성동 152-52 ,19950106187,한식,양갈비,42,삼성1동,상수도전용,  02- 554-4741
강남구,2021,117,2010-02-10,2021-11-16,프로간장게장,서울특별시 강남구 삼성동 152-56 ,19900105741,한식,간장게장,71.39,삼성1동,상수도전용,  02- 569-0860
강남구,2021,118,2016-11-25,2021-11-16,닭으로 가 삼성코엑스점,서울특별시 강남구 삼성동 152-59 지상1층 ,20020106786,호프/통닭,닭갈비,79.33,삼성1동,상수도전용,  02- 561-7398
강남구,2021,119,2016-11-25,2021-11-16,당나라,서울특별시 강남구 삼성동 153-19 ,20160107686,중국식,탕수육,145.88,삼성1동,상수도전용,
강남구,2021,120,2016-11-25,2021-11-16,더(The) 고깃집,서울특별시 강남구 삼성동 153-47 ,20030106039,한식,제주돼지근고기,62.81,삼성1동,상수도전용,  02-568-5160
강남구,2021,121,2016-11-25,2021-11-16,한국돈거래소,서울특별시 강남구 삼성동 153-57 ,19940106143,한식,두루치기,122.25,삼성1동,상수도전용,  02- 501-9444
강남구,2021,122,2016-11-25,2021-11-16,해품초 삼성점,서울특별시 강남구 삼성동 154-11 엠타워 지하1층 ,20110105280,한식,한식,887.71,삼성1동,상수도전용,  02-565 -4997
강남구,2021,123,2010-02-10,2021-11-16,미성한우,서울특별시 강남구 삼성동 158-14 ,19970106176,한식,양념갈비,227,삼성1동,상수도전용,  02- 562-3257
강남구,2021,124,2016-11-25,2021-11-16,더차이홍,서울특별시 강남구 삼성동 158-7 ,19920105592,중국식,자장면,166.75,삼성1동,상수도전용,  02- 565-5514
강남구,2021,125,2016-11-25,2021-11-16,경성면옥,서울특별시 강남구 삼성동 159 ,20020106784,한식,"회, 물냉면",148.23,삼성1동,상수도전용,  02-539 -9966
강남구,2021,126,2010-02-10,2021-11-16,아시안라이브,서울특별시 강남구 삼성동 159 ,19990108528,경양식,퓨전음식,"1,205.02",삼성1동,상수도전용,
강남구,2021,127,2016-11-25,2021-11-16,밀밭,서울특별시 강남구 삼성동 159-9 지하1층 B7호 ,20030106291,분식,손수제비,74.07,삼성1동,상수도전용,
강남구,2021,128,2016-11-25,2021-11-16,안동찜닭 해물떡찜,서울특별시 강남구 삼성동 159 지하1층 ,20000106008,한식,안동찜닭,66.36,삼성1동,상수도전용,  02-6002-6447
강남구,2021,129,2016-11-25,2021-11-16,르사이공 코엑스몰점,서울특별시 강남구 삼성동 159 코엑스 기존컨벤션센터 H104호 ,20140107679,중국식,중국식,138.23,삼성1동,상수도전용,  02-5572-366
강남구,2021,130,2016-11-25,2021-11-16,니뽕내뽕(코엑스점),서울특별시 강남구 삼성동 159 ,20140107646,중국식,"자장면,짬뽕",84.83,삼성1동,상수도전용,  02-6002-5151
강남구,2021,131,2016-11-25,2021-11-16,그랜드마오,서울특별시 강남구 삼성동 159 ,20140107695,한식,중식,542.5,삼성1동,상수도전용,
강남구,2021,132,2016-11-25,2021-11-16,멘무샤,서울특별시 강남구 삼성동 159 ,20140107553,한식,일본라면,72.5,삼성1동,상수도전용,
강남구,2021,133,2016-11-25,2021-11-16,하동관,서울특별시 강남구 삼성동 159 코엑스 기존컨벤션센터 지하1 J-101호,20140107584,한식,한우곰탕,202.46,삼성1동,상수도전용,
강남구,2021,134,2016-11-25,2021-11-16,미사리밀빛초계국수,서울특별시 강남구 삼성동 159 코엑스 기존컨벤션센터 ,20140107572,한식,초계국수,190,삼성1동,상수도전용,
강남구,2021,135,2016-11-25,2021-11-16,가득드림,서울특별시 강남구 삼성동 159 지하1층 ,20140106088,분식,도시락,39.2,삼성1동,상수도전용,  02-551 -8288
강남구,2021,136,2016-11-25,2021-11-16,공수간 코엑스몰,서울특별시 강남구 삼성동 159 ,20140107500,분식,"떡볶이, 순대, 김밥",65,삼성1동,상수도전용,
강남구,2021,137,2016-11-25,2021-11-16,도모다찌,서울특별시 강남구 삼성동 159 지하1층 ,20000106198,경양식,"돈가스, 초밥",69.75,삼성1동,상수도전용,  02-6002-6243
강남구,2021,138,2016-11-25,2021-11-16,명동칼국수,서울특별시 강남구 삼성동 159 지하1층 ,20140105392,일식,"칼국수, 보쌈",160.61,삼성1동,상수도전용,  02-6002-6533
강남구,2021,139,2018-10-01,2021-11-16,직화한상 스타필드코엑스몰점,서울특별시 강남구 삼성동 159 코엑스 ,20200107148,한식,한식,74.56,삼성1동,상수도전용,
강남구,2021,140,2016-11-25,2021-11-16,더 플레이스 코엑스점,서울특별시 강남구 삼성동 159 ,20140107615,경양식,"피자, 파스타",404.76,삼성1동,상수도전용,
강남구,2021,141,2010-02-10,2021-11-16,스카이라운지,서울특별시 강남구 삼성동 159 코엑스인터컨티넨탈서울 28층 ,19990107610,경양식,스테이크,467.98,삼성1동,상수도전용,  02- 559-7034
강남구,2021,142,2016-11-25,2021-11-16,케르반레스토랑 코엑스점,서울특별시 강남구 삼성동 159-0 기존컨벤션센터 지하1층 H105호,20140107648,경양식,"고기, 피자",216.11,삼성1동,상수도전용,  02-556 -4746
강남구,2021,143,2016-11-25,2021-11-16,예가낙지마을,서울특별시 강남구 삼성동 159 스타필드 코엑스몰 지하1층 O-110호,20020106394,한식,"낙지 볶음, 덮밥",69.75,삼성1동,상수도전용,
강남구,2021,144,2013-07-10,2021-11-16,브래서리,서울특별시 강남구 삼성동 159 ,18990105005,경양식,뷔페,950.66,삼성1동,상수도전용,
강남구,2021,145,2010-02-10,2021-11-16,마쯔가제,서울특별시 강남구 삼성동 159-0 호텔오크우드프리미어지상3층 ,20010107427,일식,생선회,601.5,삼성1동,상수도전용,  02- 551-4893
강남구,2021,146,2010-02-10,2021-11-16,이화원,서울특별시 강남구 삼성동 159-0 호텔오크우드프리미어 지상3층 ,20010107431,중국식,중식코스,659,삼성1동,상수도전용,  02- 551-4893
강남구,2021,147,2010-02-10,2021-11-16,동경,서울특별시 강남구 삼성동 159-1 코엑스몰 J198 ,20000106329,분식,돈까스,72.85,삼성1동,상수도전용,  02-6002-6460
강남구,2021,148,2016-11-12,2021-11-16,반하는 보쌈&밥상,서울특별시 강남구 삼성동 159-1 컨벤션센터 코엑스몰 지하1층 M103호,20060107189,한식,보쌈,78.3,삼성1동,상수도전용,
강남구,2021,149,2016-11-25,2021-11-16,소풍,서울특별시 강남구 삼성동 159-6 한국도심공항터미널 지하1층 Q101호,20140107164,분식,김밥,65.62,삼성1동,상수도전용,
강남구,2021,150,2016-11-25,2021-11-16,서울덮밥,서울특별시 강남구 삼성동 159-6 ,20140107096,한식,김치갈비전골,65.62,삼성1동,상수도전용,
강남구,2021,151,2016-11-25,2021-11-16,쭈불앤쭈불,서울특별시 강남구 삼성동 159-6 한국도심공항터미널 지하1층 Q121호,20140107255,한식,쭈꾸미소불고기,71.23,삼성1동,상수도전용,
강남구,2021,152,2016-11-25,2021-11-16,고궁수라간 코엑스점,서울특별시 강남구 삼성동 159-6 ,20140107070,한식,전주전통비빔밥,65.62,삼성1동,상수도전용,
강남구,2021,153,2013-07-10,2021-11-16,하꼬네,서울특별시 강남구 삼성동 159-8 ,19880105625,일식,하꼬네,"1,115.00",삼성1동,상수도전용,  02- 559-7034
강남구,2021,154,2018-10-01,2021-11-16,본죽,서울특별시 강남구 삼성동 159-9 도심공항타워 지하1층9호 ,20010106483,한식,한식,36.1,삼성1동,상수도전용,  02-2016-7477
강남구,2021,155,2017-10-10,2021-11-16,월출산,서울특별시 강남구 삼성동 162-15 ,20160106231,한식,고기구이,145,삼성1동,상수도전용,
강남구,2021,156,2016-11-25,2021-11-16,신의주 부대찌개 삼성점,서울특별시 강남구 삼성동 162-19 ,19950105546,한식,부대찌개,74.17,삼성1동,상수도전용,  02- 538-5503
강남구,2021,158,2015-11-06,2021-11-16,이남장영동점,서울특별시 강남구 삼성동 165-12 ,19930105299,한식,설렁탕,99.93,삼성1동,상수도전용,  02-0569-8726
강남구,2021,159,2016-11-25,2021-11-16,현대명가,서울특별시 강남구 삼성동 166-3 ,20150107626,한식,한식뷔페,257.72,삼성1동,상수도전용,
강남구,2021,160,2016-11-25,2021-11-16,대흥정 엘에이 갈비,서울특별시 강남구 수서동 448-4 지상1층 ,20120107634,한식,불고기,141.34,수서동,상수도전용,
강남구,2021,161,2010-02-10,2021-11-16,안박사 남원추어탕,서울특별시 강남구 수서동 450-5 ,20030106901,한식,추어탕,183.41,수서동,상수도전용,  02-2226-0501
강남구,2021,162,2010-07-30,2021-11-16,가원,"서울특별시 강남구 수서동 461-37 지상2,3층 ",20070106078,한식,오리구이,279.2,수서동,상수도전용,
강남구,2021,163,2010-02-10,2021-11-16,수서골목냉면,서울특별시 강남구 수서동 462-5 지상1층 ,20010107287,한식,냉면,99.21,수서동,상수도전용,  02- 451-7157
강남구,2021,164,2010-02-10,2021-11-16,무교동홍낙(수서점),서울특별시 강남구 수서동 464-9 ,19970105554,한식,낙지볶음,83.7,수서동,상수도전용,  02- 459-8756
강남구,2021,165,2010-02-10,2021-11-16,일미원,"서울특별시 강남구 수서동 산 449-15 지상1층,지하1층 ",20010106632,한식,복,211.57,수서동,상수도전용,  02-3412-0084
강남구,2021,166,2010-07-30,2021-11-16,마산옥,서울특별시 강남구 신사동 512-20 ,19810105060,한식,한식,103.59,신사동,상수도전용,  02- 544-7207
강남구,2021,167,2013-10-11,2021-11-16,대가방,서울특별시 강남구 신사동 549-8 지상1층 ,20090105529,중국식,"면, 튀김류",108.9,신사동,상수도전용,
강남구,2021,168,2014-10-06,2021-11-16,압구정 샤브샤브,서울특별시 강남구 신사동 574-5 지상2층 ,20110108056,한식,샤브샤브,159,신사동,상수도전용,  02-515 -2526
강남구,2021,169,2010-02-10,2021-11-16,오미가,서울특별시 강남구 신사동 585-0 ,19980106909,한식,한정식,337.43,신사동,상수도전용,  02- 543-1145
강남구,2021,170,2010-02-10,2021-11-16,루위,서울특별시 강남구 신사동 587-14 ,19950106503,한식,"자장면, 탕수육",300.58,압구정동,상수도전용,
강남구,2021,171,2016-11-25,2021-11-16,명인등심(청담유통),서울특별시 강남구 신사동 587-14 동현빌딩 ,20110106796,한식,한우등심,617.5,신사동,상수도전용,
강남구,2021,172,2018-10-01,2021-11-16,룽청,서울특별시 강남구 신사동 589-9 알파빌딩지상1층 ,20030106517,중국식,중국식,152.06,압구정동,상수도전용,  02 -512 -0773
강남구,2021,173,2018-10-01,2021-11-16,포엔분짜,서울특별시 강남구 신사동 601-3 ,20170108446,"외국음식전문점(인도,태국등)","외국음식전문점(인도,태국등)",161.42,신사동,상수도전용,
강남구,2021,174,2010-02-10,2021-11-16,하영호신촌설렁탕 압구정역점,서울특별시 강남구 신사동 610-2 지상1층 ,20040108901,한식,설렁탕,76.03,압구정동,상수도전용,  02- 515-2234
강남구,2021,175,2016-11-25,2021-11-16,(주)정성담에프앤비,서울특별시 강남구 신사동 617-9 ,20030105806,한식,한정식,179.58,신사동,상수도전용,  02-5458-0765
강남구,2021,176,2010-02-10,2021-11-16,한일관,"서울특별시 강남구 신사동 619-4 지하1,지상1~5층 ",20080107243,한식,"한정식,불고기,갈비탕,비빔밥,냉면","2,054.77",압구정동,상수도전용,  02 -733 -5333
강남구,2021,177,2010-02-10,2021-11-16,이즈미,서울특별시 강남구 신사동 621-3 ,20000105021,한식,회,329.22,신사동,상수도전용,  02- 511-0107
강남구,2021,178,2017-10-10,2021-11-16,금수복국 압구정점,서울특별시 강남구 신사동 627-13 ,20170105388,한식,복요리,519.1,신사동,상수도전용,  02-542 -5482
강남구,2021,179,2010-02-10,2021-11-16,연타발,"서울특별시 강남구 신사동 629-32 지상2,3층 ",20060106846,경양식,곱창,710.04,압구정동,상수도전용,
강남구,2021,180,2010-02-10,2021-11-16,최가네버섯매운탕칼국수,"서울특별시 강남구 신사동 655-0 지상2,3층 ",20050105481,한식,버섯칼국수,284.78,압구정동,상수도전용,  02- 547-7676
강남구,2021,181,2010-07-30,2021-11-16,돈으로가,서울특별시 강남구 신사동 662-6 ,20050106060,경양식,"곱창, 부대찌개",211.26,신사동,상수도전용,  02- 517-4433
강남구,2021,182,2010-02-10,2021-11-16,이즈미,서울특별시 강남구 압구정동 429-0 현대백화점 05-7 ,19850105659,한식,생선회,431.85,신사동,상수도전용,  02-3416-5811
강남구,2021,183,2010-02-10,2021-11-16,일치프리아니 현대압구정점,서울특별시 강남구 압구정동 429-0 현대백화점지상5층 ,20040108614,경양식,양식,181.8,신사동,상수도전용,  02 - 512-3494
강남구,2021,184,2014-10-06,2021-11-16,안뜨레,서울특별시 강남구 역삼동 603-0 ,19990107283,경양식,한정식,281.3,역삼1동,상수도전용,  02- 531-6454
강남구,2021,185,2014-10-06,2021-11-16,놀부부대강남시티점,서울특별시 강남구 역삼동 619-26 지상1층 ,20030105292,한식,부대찌개,92.56,역삼1동,상수도전용,  02- 558-7564
강남구,2021,186,2018-10-01,2021-11-16,나폴리 회관,서울특별시 강남구 역삼동 635-10 ,20170106448,경양식,경양식,235.61,역삼2동,상수도전용, 02-592 -5067
강남구,2021,187,2016-11-25,2021-11-16,예담한우,서울특별시 강남구 역삼동 641-16 충암빌딩 지상1층 ,20080105830,한식,고기구이,257.25,역삼1동,상수도전용,
강남구,2021,188,2011-08-16,2021-11-16,대우식당,서울특별시 강남구 역삼동 641-18 지상1층 ,20040108275,분식,부대찌개,201.65,역삼1동,상수도전용,  02- 553-7118
강남구,2021,189,2014-10-06,2021-11-16,통영집,서울특별시 강남구 역삼동 641-20 지하1층 ,20100105589,한식,생선,281.7,역삼1동,상수도전용,
강남구,2021,190,2014-10-06,2021-11-16,(주)평가옥 푸드시스템 역삼점,"서울특별시 강남구 역삼동 641-8 지하1, 지상1 ",20130107619,한식,냉면,193.64,역삼1동,상수도전용,
강남구,2021,191,2016-11-25,2021-11-16,랭돈,서울특별시 강남구 역삼동 644-7 ,20150107446,기타,김치찌개,190,역삼1동,상수도전용,
강남구,2021,192,2010-07-30,2021-11-16,새마을식당,서울특별시 강남구 역삼동 651-1 ,19870105739,한식,김치전골,300.44,역삼1동,상수도전용,
강남구,2021,193,2016-11-25,2021-11-16,금강식당,서울특별시 강남구 역삼동 668-8 영우빌딩1층 ,20090107602,경양식,한우등심구이,178.3,역삼1동,상수도전용,
강남구,2021,194,2014-10-06,2021-11-16,봉우리,서울특별시 강남구 역삼동 670-20 ,20130107142,한식,한정식,594.02,역삼1동,상수도전용,
강남구,2021,195,2014-10-06,2021-11-16,이도곰탕,서울특별시 강남구 역삼동 671-17 ,20010107261,한식,곰탕,194.41,역삼1동,상수도전용,  02- 501-0738
강남구,2021,196,2017-10-10,2021-11-16,연화산,서울특별시 강남구 역삼동 677-1 지상2층 ,20010106762,중국식,중식,217.49,역삼1동,상수도전용,  02- 558-5375
강남구,2021,197,2010-07-30,2021-11-16,진수사,서울특별시 강남구 역삼동 677-15 ,19910105671,일식,회,114,역삼1동,상수도전용,  02-0561-3544
강남구,2021,198,2016-11-25,2021-11-16,이화수 전통 육개장,서울특별시 강남구 역삼동 677-5 ,20150107989,기타,육개장,181.5,역삼1동,상수도전용,
강남구,2021,199,2012-07-06,2021-11-16,한촌설렁탕,서울특별시 강남구 역삼동 678-4 지상1층 ,20030105823,경양식,설렁탕,181.31,역삼1동,상수도전용,02- 561-9220
강남구,2021,200,2010-02-10,2021-11-16,강가,서울특별시 강남구 역삼동 679-0 GS타워 지하1층 ,20070107357,경양식,커리,122.34,역삼1동,상수도전용,02-2005-0610
강남구,2021,201,2018-10-01,2021-11-16,일등추어탕,서울특별시 강남구 역삼동 683-26 ,20150107047,한식,한식,283.23,역삼1동,상수도전용,
강남구,2021,202,2016-11-25,2021-11-16,꽃새우 영번지,서울특별시 강남구 역삼동 689-6 1층 ,20110106914,한식,새우구이,165,역삼1동,상수도전용,
강남구,2021,203,2018-10-01,2021-11-16,천하일품추어탕,서울특별시 강남구 역삼동 701-0 상록회관지하1층 ,20020107479,한식,한식,247.93,역삼1동,상수도전용,02- 501-9970
강남구,2021,204,2013-07-10,2021-11-16,우밀면옥 상록점,서울특별시 강남구 역삼동 701-0 ,20020107350,한식,불고기,466.87,역삼1동,상수도전용,02- 560-2020
강남구,2021,205,2010-02-10,2021-11-16,강진수산수산물직판장,서울특별시 강남구 역삼동 707-38 지하1층 ,20000105078,일식,회,"1,206.52",역삼2동,상수도전용,  02- 562-1155
강남구,2021,206,2010-02-10,2021-11-16,강남목장,서울특별시 강남구 역삼동 725-25 지상1층 ,20010106050,한식,생고기 구이,360,역삼2동,상수도전용,
강남구,2021,207,2010-02-10,2021-11-16,루안,서울특별시 강남구 역삼동 726 ,19920106806,중국식,중국요리,509,역삼2동,상수도전용,  02- 562-5566
강남구,2021,208,2010-02-10,2021-11-16,내림손 삼계탕,서울특별시 강남구 역삼동 726-15 지상1층 ,20000105988,한식,삼계탕,112,역삼2동,상수도전용,  02- 554-7266
강남구,2021,209,2018-10-01,2021-11-16,사량도,서울특별시 강남구 역삼동 733-18 지상1층 ,20070107081,경양식,경양식,162,역삼2동,상수도전용,02-553-8082
강남구,2021,210,2011-08-16,2021-11-16,로즈힐 강남파이낸스센터점,서울특별시 강남구 역삼동 737-0 강남파이낸스센터 지하1층 ,20070105712,한식,한우구이,436.04,역삼1동,상수도전용,  02- 508-2090
강남구,2021,211,2010-02-10,2021-11-16,우도,서울특별시 강남구 역삼동 738-0 케이에스빌딩1층 ,20030107687,일식,"회,탕",198.34,역삼1동,상수도전용,02- 501-0706
강남구,2021,212,2016-11-25,2021-11-16,호보식당,서울특별시 강남구 역삼동 741-12 지하1층 ,20050105933,한식,삼겹살,271.07,역삼1동,상수도전용,02-565 -5505
강남구,2021,213,2010-02-10,2021-11-16,신단설렁탕,서울특별시 강남구 역삼동 773-14 지상1층 ,19990107877,한식,한식,80.43,역삼2동,상수도전용,  02- 553-5293
강남구,2021,214,2016-11-25,2021-11-16,지하오,서울특별시 강남구 역삼동 787-8 지상1층 ,20060107115,중국식,찹쌀탕수육,62.96,역삼2동,상수도전용,  02- 558-9119
강남구,2021,215,2018-10-01,2021-11-16,진주성,서울특별시 강남구 역삼동 792-54 지상1층 ,20150107648,한식,한식,84.55,역삼1동,상수도전용,
강남구,2021,216,2016-11-25,2021-11-16,아야진생태찌개 역삼점,"서울특별시 강남구 역삼동 797-11 지상1,2,3,층 ",20130106301,한식,생태찌개,253.28,역삼2동,상수도전용,
강남구,2021,217,2018-10-01,2021-11-16,기무,서울특별시 강남구 역삼동 797-3 B01호 ,20080106766,한식,한식,30,역삼1동,상수도전용,02-554 -2014
강남구,2021,218,2010-02-10,2021-11-16,화기애애(강남1호점),"서울특별시 강남구 역삼동 813-1 지하1, 지상1,2,3층 ",20080106240,분식,갈비살,359.76,역삼1동,상수도전용,
강남구,2021,219,2014-10-06,2021-11-16,하이라 미스터 왕왕,서울특별시 강남구 역삼동 817-21 지상2층 ,20040107828,일식,양꼬치,221.48,역삼1동,상수도전용,
강남구,2021,220,2016-11-25,2021-11-16,백억하누,서울특별시 강남구 역삼동 817-26 ,20140108000,한식,한우불고기,257.73,역삼1동,상수도전용,
강남구,2021,221,2010-02-10,2021-11-16,금문도,서울특별시 강남구 역삼동 818-8 ,19860105589,중국식,자장면,376.61,역삼1동,상수도전용,  02- 567-9289
강남구,2021,222,2010-02-10,2021-11-16,종로삼계탕,서울특별시 강남구 역삼동 819-2 ,19900105696,한식,삼계탕,162.86,역삼1동,상수도전용,  02-0562-1758
강남구,2021,223,2016-11-25,2021-11-16,갓텐스시강남점,서울특별시 강남구 역삼동 822-4 강남제일빌딩 1층 ,20100107157,일식,초밥,483.93,역삼1동,상수도전용, 02-2051-1560
강남구,2021,224,2014-10-01,2021-11-16,(주)광양불고기본가,서울특별시 강남구 역삼동 823 삼원타워 ,20040107728,한식,불고기,669.51,역삼1동,상수도전용,  02- 567-5877
강남구,2021,225,2018-10-01,2021-11-16,육전식당 4호점,서울특별시 강남구 역삼동 823-10 ,20170106032,한식,한식,153.5,역삼1동,상수도전용,
강남구,2021,226,2017-10-10,2021-11-16,두껍삼 역삼직영점,서울특별시 강남구 역삼동 823-12 ,20160108241,한식,삼겹살,796.32,역삼2동,상수도전용,
강남구,2021,227,2014-10-06,2021-11-16,(주)해담채강남,서울특별시 강남구 역삼동 823-16 지하1층 ,20110106558,한식,한정식,687.84,역삼1동,상수도전용,
강남구,2021,228,2010-02-10,2021-11-16,조수사,서울특별시 강남구 역삼동 823-24 ,19910105858,일식,회,227.23,역삼1동,상수도전용,  02-0564-1133
강남구,2021,229,2010-07-30,2021-11-16,노란상 소갈비 강남직영점,서울특별시 강남구 역삼동 823-6 ,19920106486,일식,삼겹살 구이,149.4,역삼1동,상수도전용,  02- 565-2145
강남구,2021,230,2012-07-06,2021-11-16,(주)우동명가기리야마본진,서울특별시 강남구 역삼동 824-11 ,20120105541,한식,"우동, 소바",206.45,역삼1동,상수도전용, 02-555 -8770
강남구,2021,231,2010-02-10,2021-11-16,구레스시,서울특별시 강남구 역삼동 825-0 ,19960106740,일식,초밥,330.21,역삼1동,상수도전용,
강남구,2021,232,2018-10-01,2021-11-16,신복면관,서울특별시 강남구 역삼동 825-19 ,20150108104,한식,한식,110.14,역삼1동,상수도전용,0256-3152-0
강남구,2021,233,2010-02-10,2021-11-16,주식회사 에도긴,"서울특별시 강남구 역삼동 827-58 에도긴빌딩2,3층 ",19890105039,일식,전통일식,606.84,역삼1동,상수도전용,  02- 568-5147
강남구,2021,234,2010-02-10,2021-11-16,(주)신정,서울특별시 강남구 역삼동 828-2 ,19860105129,한식,샤브샤브,"1,218.34",역삼1동,상수도전용,  02- 554-1033
강남구,2021,235,2014-10-06,2021-11-16,가시리,서울특별시 강남구 역삼동 828-54 지상1층 ,20030106785,한식,보리굴비,140,역삼1동,상수도전용,  02- 567-5829
강남구,2021,236,2018-10-01,2021-11-16,린카,서울특별시 강남구 역삼동 837-26 삼일프라자오피스텔 ,20180107302,일식,일식,47.49,역삼1동,상수도전용,
강남구,2021,237,2014-10-06,2021-11-16,교토,서울특별시 강남구 역삼동 838-11 미진빌딩 지하1층 ,20120105213,일식,"회, 탕",334.63,역삼1동,상수도전용,0255-8773-3
강남구,2021,238,2017-10-01,2021-11-16,봉평착한메밀,서울특별시 강남구 역삼동 839-4 ,20200105397,한식,한식,91.5,역삼1동,상수도전용,
강남구,2021,239,2010-02-10,2021-11-16,청기와생고기,서울특별시 강남구 일원동 639-3 ,19900105604,한식,된장찌개,104.94,일원1동,상수도전용,  02- 445-0256
강남구,2021,240,2014-10-06,2021-11-16,본가,"서울특별시 강남구 일원동 645-7 지상1,2층 ",20030107720,한식,구이,285.98,일원1동,상수도전용,02-451-0808
강남구,2021,241,2010-07-30,2021-11-16,완산골명가(일원점),서울특별시 강남구 일원동 666-10 지상1층 ,20020106801,한식,콩나물 국밥,148.76,일원1동,상수도전용,
강남구,2021,242,2016-11-25,2021-11-16,대청뼈다귀감자탕,서울특별시 강남구 일원동 666-2 지상1층 ,20080105421,한식,뼈다귀 감자탕,67.16,일원1동,상수도전용, 02-445 -6404
강남구,2021,243,2012-07-06,2021-11-16,신의주찹쌀순대,서울특별시 강남구 일원동 685-7 지상1층 ,20100107444,한식,순대국밥,102.47,일원1동,상수도전용,
강남구,2021,244,2016-11-25,2021-11-16,국대오리 일원점,서울특별시 강남구 일원동 735 ,20160106875,한식,오리고기,208.2,일원1동,상수도전용,
강남구,2021,245,2013-07-10,2021-11-16,함평한우장터,서울특별시 강남구 자곡동 271-26 지상2 ,20030106185,한식,한우구이,283.89,세곡동,상수도전용,
강남구,2021,246,2016-11-25,2021-11-16,김영희 강남동태찜 자곡점,서울특별시 강남구 자곡동 596 강남 더샵 라르고 ,20160107278,한식,동태찜,86.38,세곡동,상수도전용,02-459 -5227
강남구,2021,247,2018-10-01,2021-11-16,화통집 강남자곡점,서울특별시 강남구 자곡동 596 ,20160108048,한식,한식,134.8,세곡동,상수도전용,02-459 -5227
강남구,2021,248,2010-02-10,2021-11-16,무등산,"서울특별시 강남구 청담동 1-15 지상1,2,3층 ",19990107015,한식,고기구이,466.9,청담동,상수도전용, 02- 518-4001
강남구,2021,249,2010-02-10,2021-11-16,옛날집,서울특별시 강남구 청담동 20-12 지하1층 ,20090105854,한식,명란정식,160.64,청담동,상수도전용,02-549 -7888
강남구,2021,250,2020-10-01,2021-11-16,본초강목,서울특별시 강남구 청담동 44-5 ,19920105568,한식,한식,75.31,청담동,상수도전용,  02-0517-9803
강남구,2021,251,2016-11-25,2021-11-16,영천영화,"서울특별시 강남구 청담동 50-13 상민빌딩 1,2층 ",20070105793,한식,한우,577.27,청담동,상수도전용,  02-3442-0381
강남구,2021,252,2017-10-01,2021-11-16,유한회사 청담테라,서울특별시 강남구 청담동 50-8 ,20210107690,경양식,경양식,129,청담동,상수도전용,
강남구,2021,253,2010-02-10,2021-11-16,카페비스타,서울특별시 강남구 청담동 53-7 지상1층 ,19990107505,경양식,한우우거지,471,청담동,상수도전용,  02- 541-3111
강남구,2021,254,2010-02-10,2021-11-16,와인앤다인,서울특별시 강남구 청담동 53-7 1층 ,19870105818,한식,삭스핀,489.05,청담동,상수도전용,  02- 541-3111
강남구,2021,255,2010-07-30,2021-11-16,청담동 명인등심,"서울특별시 강남구 청담동 56 지상1층,지상2층 ",20010107225,일식,갈비탕,392.48,청담동,상수도전용,  02- 540-1551
강남구,2021,256,2010-02-10,2021-11-16,(주)청담푸드빌(청담복집)(신의주찹쌀순대),서울특별시 강남구 청담동 68-7 ,19850105310,한식,순대,857.93,청담동,상수도전용,  02- 511-9081
강남구,2021,257,2010-02-10,2021-11-16,주식회사 정성본,"서울특별시 강남구 청담동 70-5 지상2,3층 ",20020107215,한식,칼국수,452.42,청담동,상수도전용, 02- 540-3535
강남구,2021,258,2015-11-06,2021-11-16,해오름맛집,서울특별시 강남구 청담동 71-1 ,20120107617,한식,우렁쌈밥,167.8,청담동,상수도전용,
강남구,2021,259,2016-11-25,2021-11-16,진성식당,서울특별시 강남구 청담동 76-11 ,19890105564,한식,칼국수 보쌈,100,청담동,상수도전용,  02-0511-8157
강남구,2021,260,2010-07-30,2021-11-16,청숫골보리밥쌈밥,서울특별시 강남구 청담동 76-4 지하1층 ,20040107827,한식,보리밥,152.01,청담동,상수도전용,  02-3443-4402
강남구,2021,261,2010-02-10,2021-11-16,삼성물산(주)10꼬르소꼬모서울카페,서울특별시 강남구 청담동 79-0 지하1층 ,20080105245,경양식,이태리,350,청담동,상수도전용, 02-3018-1010
강남구,2021,262,2010-02-10,2021-11-16,뉴욕바닷가재청담점,서울특별시 강남구 청담동 85-6 지상1층 ,20020105859,분식,바닷가재,145.71,청담동,상수도전용,  02- 547-0023
강남구,2021,263,2010-02-10,2021-11-16,고센,서울특별시 강남구 청담동 88-23 ,19940105307,한식,파스타,721.7,청담동,상수도전용,  02-0515-1863
강남구,2021,264,2010-02-10,2021-11-16,코리아하우스,"서울특별시 강남구 청담동 125-6 지상1층,2층 ",20040108672,한식,소고기 구이,452,청담동,상수도전용,  02-3443-2121
강남구,2021,265,2016-11-25,2021-11-16,청담갯벌장어,서울특별시 강남구 청담동 130-22 ,20140107835,한식,갯벌장어,339.84,청담동,상수도전용,
강남구,2021,266,2013-07-10,2021-11-16,무교동유정낙지청담점,서울특별시 강남구 청담동 131-10 ,19940106090,한식,낙지,82.59,청담동,상수도전용,  02- 540-4362
강남구,2021,267,2015-11-06,2021-11-16,풍년참숯불갈비,서울특별시 강남구 역삼동 831-46 ,19970106222,일식,한우등심,177.71,역삼1동,상수도전용,  02- 566-6630
강남구,2021,268,2014-10-06,2021-11-16,토말,서울특별시 강남구 논현동 254-23 ,20090107179,한식,보리굴비,400,논현1동,상수도전용,
강남구,2021,269,2013-09-06,2021-11-16,본가신의주찹쌀순대전문점,"서울특별시 강남구 삼성동 162-12 지상1층,지하1층 ",19980106862,한식,한식,323,삼성1동,상수도전용,  02- 564-9292
강남구,2021,270,2019-09-30,2021-11-16,분틀,서울특별시 강남구 대치동 897-15 ,20160108408,일식,"메밀국수, 모듬전",234,대치2동,상수도전용,
강남구,2021,271,2019-09-30,2021-11-16,주박사 춘천닭갈비,서울특별시 강남구 일원동 683 금성빌딩 ,20180106931,한식,닭갈비,211.39,개포2동,상수도전용,
강남구,2021,272,2019-09-30,2021-11-16,남도사계고운님,서울특별시 강남구 대치동 894-5 한정빌딩 ,20180108974,한식,"도다리,전어,생굴",298.49,대치1동,상수도전용,02-562 -9292
강남구,2021,273,2019-09-30,2021-11-16,고운님 한우곱창,서울특별시 강남구 대치동 894-5 한정빌딩지상1층104호 ,20030107021,한식,한우곱창,99.17,대치4동,상수도전용,02-562-9292
강남구,2021,274,2019-09-30,2021-11-16,정참치,서울특별시 강남구 대치동 894-5 한정빌딩 ,20190105705,일식,참치,108.9,대치1동,상수도전용,
강남구,2021,275,2019-11-28,2021-11-16,봉추찜닭압구정로데오점,서울특별시 강남구 신사동 663-7 지상2층 ,20100105263,한식,찜닭,192.24,압구정동,상수도전용,
강남구,2021,276,2019-11-28,2021-11-16,하루,서울특별시 강남구 신사동 663-9 1층 ,19990105839,분식,"돈가스,메밀",30.34,압구정동,상수도전용,  02- 514-5557
강남구,2021,277,2019-11-28,2021-11-16,강남샤오츠,서울특별시 강남구 역삼동 686-3 ,20170107854,중국식,탕수육외,123,역삼1동,상수도전용,
강남구,2021,278,2019-11-28,2021-11-16,칠프로 칠백식당,서울특별시 강남구 대치동 942-13 ,19980105359,경양식,칠백한우동,123.19,대치2동,상수도전용,  02-555 -5245
강남구,2021,279,2019-11-28,2021-11-16,그림나베 학동역점,서울특별시 강남구 논현동 85-1 ,20180107848,일식,"스키야키,밀푀유나베",79.3,논현1동,상수도전용,
강남구,2021,280,2019-10-01,2021-11-16,한방대가삼계탕,서울특별시 강남구 역삼동 830-38 2층 ,20080105787,한식,한식,325.9,역삼1동,상수도전용,02-404 -5613
강남구,2021,281,2019-11-28,2021-11-16,흥부이가,서울특별시 강남구 역삼동 826-39 ,19980098139,한식,소한마리 소고기,104,역삼1동,상수도전용,
강남구,2021,282,2010-11-28,2021-11-16,교대이층집강남역점,서울특별시 강남구 역삼동 831-25 ,19980106759,중국식,꽃삼겹,206.37,역삼2동,상수도전용,
강남구,2021,283,2019-11-28,2021-11-16,광양불고기 수서,서울특별시 강남구 수서동 726 ,20170107975,한식,"불고기정식, 광양불고기",214,수서동,상수도전용,02-415 -9293
강남구,2021,284,2019-11-28,2021-11-16,닭갈비두목,서울특별시 강남구 역삼동 747-10 ,19980105539,한식,"닭갈비,부대찌개",81.77,역삼1동,상수도전용,  02- 564-9657
강남구,2021,285,2019-11-28,2021-11-16,오레노카츠,서울특별시 강남구 대치동 901-38 1층 ,20130107750,한식,수제생돈가스,117,대치4동,상수도전용,02-565 -5123
강남구,2021,286,2019-11-28,2021-11-16,향촌면옥,서울특별시 강남구 압구정동 454 ,19780105015,한식,냉면,67.75,압구정동,상수도전용,  02-0546-7542
강남구,2021,287,2019-11-28,2021-11-16,문,서울특별시 강남구 논현동 91-11 지상1.2층 ,20050106712,한식,한정식,297.84,논현2동,상수도전용,  02- 516-8228
강남구,2021,288,2019-11-28,2021-11-16,(주)도라후구현복집,"서울특별시 강남구 논현동 96-15 지상1,2층 ",19990108214,한식,복,245.97,논현1동,상수도전용,  02- 511-6888
강남구,2021,289,2010-02-10,2021-11-16,옛날집 도산사거리점,서울특별시 강남구 신사동 626-70 지하1층 ,20030107248,중국식,된장찌개,423,압구정동,상수도전용,02- 515-5867
강남구,2021,290,2020-10-01,2021-11-16,나리스시 논현본점,서울특별시 강남구 논현동 249-6 지하1층101호 ,20110106523,일식,일식,400.67,논현2동,상수도전용,
강남구,2021,291,2020-10-01,2021-11-16,새마을식당,서울특별시 강남구 신사동 609-0 지상1층 102~106호 ,20080105887,한식,한식,159.52,압구정동,상수도전용,
강남구,2021,292,2016-11-25,2021-11-16,메밀연가,"서울특별시 강남구 대치동 935-24 지상1,2층 ",20140105480,경양식,메밀막국수,191.38,대치1동,상수도전용,
강남구,2021,293,2020-10-01,2021-11-16,뱃고동,서울특별시 강남구 신사동 663-0 ,19900105724,분식,분식,186.03,압구정동,상수도전용,  02- 514-8008
강남구,2021,294,2020-10-01,2021-11-16,우림황소양곱창,서울특별시 강남구 신사동 516-1 ,20110106073,한식,한식,79.45,신사동,상수도전용,
강남구,2021,295,2020-10-01,2021-11-16,송림,서울특별시 강남구 논현동 37-2 지상1층 ,20100107509,한식,한식,132,논현1동,상수도전용,
강남구,2021,296,2020-10-01,2021-11-16,텐파 마라탕 마라샹꿔,서울특별시 강남구 청담동 126-7 ,20180105401,한식,한식,56.43,청담동,상수도전용,02-515 -1100
강남구,2021,297,2020-10-01,2021-11-16,다정한상,서울특별시 강남구 도곡동 467-24 우성캐릭터199 ,20200105504,한식,한식,117.53,도곡1동,상수도전용,
강남구,2021,298,2020-10-01,2021-11-16,주식회사 양인환대(본점),"서울특별시 강남구 도곡동 954-16 지상1,2층 ",20010107315,한식,한식,245.29,도곡1동,상수도전용,  02-2057-2412
강남구,2021,299,2020-10-01,2021-11-16,대아 부대찌개,서울특별시 강남구 역삼동 792-36 ,20140106970,한식,한식,80.76,역삼1동,상수도전용,02-931 -9393
강남구,2021,300,2020-10-01,2021-11-16,분짜라붐 역삼점,서울특별시 강남구 역삼동 644-10 ,20170108189,기타,기타,186.24,역삼1동,상수도전용,
강남구,2021,301,2020-10-01,2021-11-16,취원,서울특별시 강남구 역삼동 647-2 ,19920105843,한식,한식,127.58,역삼1동,상수도전용,  02- 565-6178
강남구,2021,302,2020-10-01,2021-11-16,백년육일집,서울특별시 강남구 역삼동 706-13 윤익빌딩 ,20170108966,한식,한식,178.47,역삼1동,상수도전용,
강남구,2021,303,2020-10-01,2021-11-16,춘향골남원추어탕,서울특별시 강남구 청담동 71-20 ,19840105219,한식,한식,96.39,청담동,상수도전용,
강남구,2021,304,2020-01-01,2021-11-16,대찬횟집,서울특별시 강남구 대치동 897-23 ,20170107094,일식,일식,148.32,대치1동,상수도전용,
강남구,2021,305,2020-10-01,2021-11-16,막둥이냉면,서울특별시 강남구 대치동 941-16 지상1층 ,20020106508,호프/통닭,호프/통닭,59.04,대치4동,상수도전용,02- 557-3188
강남구,2021,306,2020-10-01,2021-11-16,아선재,서울특별시 강남구 대치동 968-4 동원빌딩 ,20190107828,한식,한식,702.31,대치1동,상수도전용,02-6339-1112
강남구,2021,307,2020-10-01,2021-11-16,토담골49번지,서울특별시 강남구 청담동 49 유림빌딩 ,20180108343,한식,한식,587.46,청담동,상수도전용,
강남구,2021,308,2020-10-01,2021-11-16,애란궁,"서울특별시 강남구 수서동 490-4 지하1,지상1 ",20130105253,한식,한식,218.6,수서동,상수도전용,
강남구,2021,309,2020-10-01,2021-11-16,아구본가 첨벙 신사본점,서울특별시 강남구 논현동 16-2 1층나호 ,19890105036,한식,한식,93.24,논현1동,상수도전용,  02-0543-8873
강남구,2021,310,2020-10-01,2021-11-16,영동곱창,서울특별시 강남구 논현동 212-14 ,20180107824,한식,한식,99.44,논현1동,상수도전용,
강남구,2021,311,2020-10-01,2021-11-16,영동올뱅이집,서울특별시 강남구 개포동 1231-7 지상1층 ,20030107267,한식,한식,140,개포4동,상수도전용,02- 573-3528
강남구,2021,312,2020-10-01,2021-11-16,(주)닭으로가,서울특별시 강남구 신사동 662-6 (지상1층) ,20000107093,한식,한식,165.3,압구정동,상수도전용,
강남구,2021,313,2020-10-01,2021-11-16,그랜드키친,서울특별시 강남구 삼성동 159-8 지상1층 ,19880105638,뷔페식,뷔페식,"1,683.00",삼성1동,상수도전용,  02-0000-0000
강남구,2021,314,2020-10-01,2021-11-16,양평해장국,서울특별시 강남구 삼성동 161-8 지상1층 ,20050105001,한식,한식,115.7,삼성1동,상수도전용,02- 561-5242
강남구,2021,315,2020-10-01,2021-11-16,압구정제주집(狎鷗亭濟州緝),서울특별시 강남구 신사동 588-12 ,20200106968,한식,한식,67.01,신사동,상수도전용,
강남구,2021,316,2020-10-01,2021-11-16,추풍령칼삼겹살,서울특별시 강남구 신사동 657-21 ,19970106002,한식,한식,35.28,압구정동,상수도전용,
강남구,2021,317,2021-10-01,2021-11-16,더차이나,서울특별시 강남구 대치동 890-30 지하1층 ,20050107484,한식,한식,132.23,대치4동,상수도전용,  02- 501-4795
강남구,2021,318,2021-10-01,2021-11-16,현경,서울특별시 강남구 대치동 896-50 ,20190106358,중국식,중국식,170.8,대치1동,상수도전용,
강남구,2021,319,2021-10-01,2021-11-16,순리대로,서울특별시 강남구 도곡동 518-4 ,20200106650,한식,한식,227.8,도곡1동,상수도전용,
강남구,2021,320,2020-10-01,2021-11-16,동천홍 학동점,서울특별시 강남구 논현동 85-1 ,20120105748,한식,한식,216.53,논현2동,상수도전용,
강남구,2021,321,2021-10-01,2021-11-16,와인주막차차 압구정점,서울특별시 강남구 신사동 658-1 ,20140106675,한식,한식,141.32,신사동,상수도전용,
강남구,2021,322,2021-10-01,2021-11-16,동원연탄석쇠구이,서울특별시 강남구 신사동 661-5 ,20120106634,한식,한식,241.7,신사동,상수도전용,
강남구,2021,323,2021-10-01,2021-11-16,닭한마리 감자탕,서울특별시 강남구 신사동 513-2 1층 ,20010107405,한식,한식,128.7,신사동,상수도전용,
강남구,2021,324,2021-10-01,2021-11-16,이층집왕족발,서울특별시 강남구 신사동 657-23 지상2층 ,20110106340,한식,한식,162.8,신사동,상수도전용,
강남구,2021,325,2021-10-01,2021-11-16,종쓰부,서울특별시 강남구 신사동 569-27 ,20160107500,중국식,중국식,84,신사동,상수도전용,
강남구,2021,326,2021-10-01,2021-11-16,취향의공간,서울특별시 강남구 신사동 511-19 ,19910106285,한식,한식,95.72,신사동,상수도전용,
강남구,2021,327,2021-10-01,2021-11-16,선남sea,서울특별시 강남구 자곡동 649 ,20180105258,한식,한식,133.31,세곡동,상수도전용,02-6211-5005
강남구,2021,328,2021-10-01,2021-11-16,신촌설렁탕,서울특별시 강남구 도곡동 423-4 1층 ,20090107305,한식,한식,184.98,도곡2동,상수도전용,02-572 -5636
강남구,2021,329,2021-10-01,2021-11-16,봉추찜닭주공공이,서울특별시 강남구 역삼동 814-5 흥국빌딩별관2층 ,20010106987,한식,한식,84,역삼1동,상수도전용,  02- 565-4593
강남구,2021,330,2021-10-01,2021-11-16,고향집,서울특별시 강남구 역삼동 748-26 지상1층 ,20110106784,한식,한식,160,역삼1동,상수도전용,
강남구,2021,331,2021-10-01,2021-11-16,대가,서울특별시 강남구 역삼동 810-13 ,20110107017,한식,한식,110,역삼1동,상수도전용,
강남구,2021,332,2021-10-01,2021-11-16,바른정육식당,서울특별시 강남구 논현동 58-5 1층 ,19880105004,일식,일식,66.1,논현1동,상수도전용,  02- 549-2926
강남구,2021,333,2021-10-01,2021-11-16,밀본 대치포스코점,서울특별시 강남구 대치동 956-15 ,19930106783,한식,한식,84.99,대치2동,상수도전용,
강남구,2021,334,2021-10-01,2021-11-16,학동나주곰탕,서울특별시 강남구 논현동 58-5 ,20010107799,경양식,경양식,286.89,논현1동,상수도전용,
강남구,2021,335,2021-10-01,2021-11-16,청담항,서울특별시 강남구 청담동 131-14 ,20210107551,일식,일식,170,청담동,상수도전용,
강남구,2021,336,2021-10-01,2021-11-16,본가 신의주 찹쌀순대,서울특별시 강남구 삼성동 107-4 지상1층 ,20060105780,한식,한식,194.88,삼성1동,상수도전용,  02- 516-4840
강남구,2021,337,2021-10-01,2021-11-16,이조식당,서울특별시 강남구 삼성동 165-15 ,19900105076,한식,한식,94.8,삼성1동,상수도전용,  02- 563-0623
강남구,2021,338,2021-10-01,2021-11-16,송화,서울특별시 강남구 역삼동 645-19 ,20210105591,한식,한식,132,역삼1동,상수도전용,
강남구,2021,339,2021-10-01,2021-11-16,성가네큰집추어탕,서울특별시 강남구 삼성동 170-2 지상1층 ,20060106769,한식,한식,198.93,삼성1동,상수도전용,
강남구,2021,340,2021-10-01,2021-11-16,미로정,서울특별시 강남구 역삼동 671-27 지상2층 ,20070105602,한식,한식,129.2,역삼1동,상수도전용,
강남구,2021,341,2021-10-01,2021-11-16,별난횟집 역삼직영점,서울특별시 강남구 역삼동 723-6 지상1층 ,20140105963,한식,한식,225.66,역삼1동,상수도전용,
강남구,2021,342,2021-10-01,2021-11-16,한옥집 김치찜 GFC몰점,서울특별시 강남구 역삼동 737 강남파이낸스센터 ,20200107263,한식,한식,99.96,역삼1동,상수도전용,
